{
  "acc": {
    "mean": 0.9279121469887717,
    "ci_lo": 0.9240558012929568,
    "ci_hi": 0.9322218441646819
  },
  "logloss": {
    "mean": 0.18185370178377291,
    "ci_lo": 0.17669224890108864,
    "ci_hi": 0.18669740971010038
  },
  "brier": {
    "mean": 0.054656088080257174,
    "ci_lo": 0.052657607849687336,
    "ci_hi": 0.05651833992451429
  },
  "point": {
    "acc": 0.9278666212997618,
    "logloss": 0.18185870480233116,
    "brier": 0.05465542525053024,
    "n": 14695
  }
}